{
  "train_lag10_p": 4.200548805712263e-20,
  "train_lag20_p": 1.5975466613672854e-15,
  "test_lag10_p": 0.02601741052789836,
  "test_lag20_p": 0.003472787226646864,
  "interpretacion": "p > 0.05 = ruido blanco (residuos sin autocorrelacion)"
}