{
  "train_lag10_p": 1.9371361551366316e-10,
  "train_lag20_p": 1.4714169624463e-07,
  "test_lag10_p": 5.693142360392011e-05,
  "test_lag20_p": 0.003716342253548549,
  "interpretacion": "p > 0.05 = ruido blanco (residuos sin autocorrelacion)"
}