RMSE,MAE,MAPE,SMAPE,R2,MaxAE
103.30811881404506,71.85427217084167,0.13064413121971213,0.13078590953608463,0.0,234.46752821123664
