{
  "train_lag10_p": 1.1052406063241092e-15,
  "train_lag20_p": 4.0127943210519566e-12,
  "test_lag10_p": 0.05495371533485666,
  "test_lag20_p": 0.1700053156923954,
  "interpretacion": "p > 0.05 = ruido blanco (residuos sin autocorrelacion)"
}