{
  "train_lag10_p": 0.2138194222363249,
  "train_lag20_p": 0.5120134515496713,
  "test_lag10_p": 0.2369508258089033,
  "test_lag20_p": 1.0547872100374398e-05,
  "interpretacion": "p > 0.05 = ruido blanco (residuos sin autocorrelacion)"
}