{
  "train_lag10_p": 0.26323444626099435,
  "train_lag20_p": 0.6644649615938977,
  "test_lag10_p": 1.4622242732419516e-08,
  "test_lag20_p": 7.552064019724923e-15,
  "interpretacion": "p > 0.05 = ruido blanco (residuos sin autocorrelacion)"
}