{
  "train_lag10_p": 0.030985392721132567,
  "train_lag20_p": 0.24100557222932906,
  "test_lag10_p": 2.4058010264376834e-11,
  "test_lag20_p": 7.461034804478022e-13,
  "interpretacion": "p > 0.05 = ruido blanco (residuos sin autocorrelacion)"
}