RMSE,MAE,MAPE,SMAPE,R2,MaxAE
3.327413633859006,2.356701823653043,0.3625695113312374,0.3635816403443208,0.0,8.17922559026772
